{
  "per_beam_bin": {
    "low": {
      "n": 489,
      "top1": 39.0593,
      "top3": 72.5971,
      "DBA": 0.8186775732788,
      "beam_range": "0-21",
      "mean_beam": 12.985685071574641
    },
    "mid": {
      "n": 97,
      "top1": 36.0825,
      "top3": 69.0722,
      "DBA": 0.7972508591065294,
      "beam_range": "22-42",
      "mean_beam": 30.804123711340207
    },
    "high": {
      "n": 49,
      "top1": 26.5306,
      "top3": 53.0612,
      "DBA": 0.6938775510204082,
      "beam_range": "43-63",
      "mean_beam": 50.714285714285715
    }
  },
  "modality_ablation": {
    "full": {
      "top1": 37.6378,
      "top3": 70.5512,
      "DBA": 0.8057742782152229,
      "desc": "All modalities"
    },
    "no_img": {
      "top1": 8.9764,
      "top3": 22.5197,
      "DBA": 0.5027821522309704,
      "desc": "No camera"
    },
    "no_lid": {
      "top1": 37.9528,
      "top3": 71.0236,
      "DBA": 0.807034120734908,
      "desc": "No LiDAR"
    },
    "no_rad": {
      "top1": 37.9528,
      "top3": 71.0236,
      "DBA": 0.8057742782152232,
      "desc": "No radar"
    },
    "no_gps": {
      "top1": 24.0945,
      "top3": 41.1024,
      "DBA": 0.47023622047244196,
      "desc": "No GPS"
    }
  },
  "test_beam_stats": {
    "mean": 18.618897637795275,
    "std": 12.48291892653837,
    "min": 1,
    "max": 60
  }
}