{
  "v5b_s42": {
    "DBA": {
      "mean": 0.8060702887139105,
      "std": 0.011811969828415373,
      "CI_lo": 0.7831968503937006,
      "CI_hi": 0.8290839895013121
    },
    "top1": {
      "mean": 37.68370078740158,
      "std": 1.917742538421904,
      "CI_lo": 34.011811023622045,
      "CI_hi": 41.41732283464567
    },
    "top3": {
      "mean": 70.54511811023622,
      "std": 1.816643234260729,
      "CI_lo": 66.92913385826772,
      "CI_hi": 74.01574803149606
    }
  },
  "v5b_s123": {
    "DBA": {
      "mean": 0.7988953805774277,
      "std": 0.011608206976355796,
      "CI_lo": 0.7757454068241468,
      "CI_hi": 0.8212125984251966
    },
    "top1": {
      "mean": 36.70094488188977,
      "std": 1.8689961159651893,
      "CI_lo": 32.91338582677165,
      "CI_hi": 40.31496062992126
    },
    "top3": {
      "mean": 71.53661417322834,
      "std": 1.8014962935786993,
      "CI_lo": 67.8740157480315,
      "CI_hi": 74.96062992125985
    }
  },
  "v5b_s7": {
    "DBA": {
      "mean": 0.8055223622047243,
      "std": 0.011259248997688659,
      "CI_lo": 0.7832020997375327,
      "CI_hi": 0.8267742782152229
    },
    "top1": {
      "mean": 36.100787401574806,
      "std": 1.9452127615521588,
      "CI_lo": 32.28346456692913,
      "CI_hi": 39.84251968503937
    },
    "top3": {
      "mean": 69.50354330708662,
      "std": 1.8203576221181774,
      "CI_lo": 65.8267716535433,
      "CI_hi": 73.07086614173228
    }
  },
  "v9": {
    "DBA": {
      "mean": 0.8066999475065615,
      "std": 0.011420202737399405,
      "CI_lo": 0.7841443569553805,
      "CI_hi": 0.8280314960629919
    },
    "top1": {
      "mean": 34.04992125984252,
      "std": 1.8950314443534573,
      "CI_lo": 30.547244094488192,
      "CI_hi": 37.79527559055118
    },
    "top3": {
      "mean": 71.34307086614173,
      "std": 1.7690352498385755,
      "CI_lo": 67.8740157480315,
      "CI_hi": 74.80314960629921
    }
  },
  "baseline": {
    "DBA": {
      "mean": 0.8074895538057743,
      "std": 0.011157407770299523,
      "CI_lo": 0.785721784776903,
      "CI_hi": 0.8294015748031496
    },
    "top1": {
      "mean": 32.637165354330705,
      "std": 1.9044539524729165,
      "CI_lo": 28.976377952755904,
      "CI_hi": 36.22047244094488
    },
    "top3": {
      "mean": 71.95102362204724,
      "std": 1.7946723603203352,
      "CI_lo": 68.50393700787401,
      "CI_hi": 75.59055118110236
    }
  },
  "ens_v5b3+v9": {
    "DBA": {
      "mean": 0.8325930708661415,
      "std": 0.010106711186147506,
      "CI_lo": 0.8118635170603673,
      "CI_hi": 0.8522834645669288
    },
    "top1": {
      "mean": 38.74299212598425,
      "std": 1.9421842108716199,
      "CI_lo": 34.960629921259844,
      "CI_hi": 42.67716535433071
    },
    "top3": {
      "mean": 74.02889763779528,
      "std": 1.736769622298088,
      "CI_lo": 70.70866141732284,
      "CI_hi": 77.48425196850393
    }
  }
}