{
  "v5b": {
    "top1": 37.6378,
    "top2": 62.5197,
    "top3": 70.5512,
    "DBA": 0.8057742782152229
  },
  "v9": {
    "top1": 34.0157,
    "top2": 59.685,
    "top3": 71.3386,
    "DBA": 0.8066141732283464
  },
  "baseline": {
    "top1": 32.5984,
    "top2": 62.0472,
    "top3": 71.9685,
    "DBA": 0.8075590551181104
  },
  "ens_v5b+v9": {
    "top1": 36.6929,
    "top2": 62.2047,
    "top3": 73.3858,
    "DBA": 0.8144881889763779
  },
  "ens_v5b+bl": {
    "top1": 39.0551,
    "top2": 62.2047,
    "top3": 71.6535,
    "DBA": 0.8093438320209971
  },
  "ens_all": {
    "top1": 36.2205,
    "top2": 61.2598,
    "top3": 72.5984,
    "DBA": 0.8155380577427822
  },
  "prob_ens_all": {
    "top1": 35.4331,
    "top2": 62.0472,
    "top3": 72.7559,
    "DBA": 0.8283464566929134
  },
  "prob_ens_v5b_bl": {
    "top1": 37.9528,
    "top2": 63.622,
    "top3": 72.2835,
    "DBA": 0.813753280839895
  },
  "ens_weighted": {
    "top1": 34.3307,
    "top2": 62.3622,
    "top3": 73.2283,
    "DBA": 0.8090288713910762
  },
  "ens_weighted_v5b_bl": {
    "top1": 35.748,
    "top2": 62.5197,
    "top3": 72.9134,
    "DBA": 0.8070341207349081
  },
  "v5b_temp": {
    "top1": 37.6378,
    "top2": 62.5197,
    "top3": 70.5512,
    "DBA": 0.8057742782152229
  },
  "ens_temp": {
    "top1": 36.2205,
    "top2": 61.2598,
    "top3": 72.5984,
    "DBA": 0.8155380577427822
  }
}