{
  "v5b_s42": {
    "top1": 37.6378,
    "top2": 62.5197,
    "top3": 70.5512,
    "DBA": 0.8057742782152229,
    "DBA_CI_lo": 0.7831968503937006,
    "DBA_CI_hi": 0.8290839895013121
  },
  "v5b_s123_clean": {
    "top1": 33.7008,
    "top2": 59.3701,
    "top3": 72.2835,
    "DBA": 0.8012598425196851,
    "DBA_CI_lo": 0.7779501312335956,
    "DBA_CI_hi": 0.8245695538057741
  },
  "v5b_s7_clean": {
    "top1": 34.4882,
    "top2": 59.8425,
    "top3": 71.6535,
    "DBA": 0.7972703412073492,
    "DBA_CI_lo": 0.7733333333333334,
    "DBA_CI_hi": 0.8211049868766404
  },
  "v9": {
    "top1": 34.0157,
    "top2": 59.685,
    "top3": 71.3386,
    "DBA": 0.8066141732283464,
    "DBA_CI_lo": 0.7841443569553805,
    "DBA_CI_hi": 0.8280314960629919
  },
  "baseline": {
    "top1": 32.5984,
    "top2": 62.0472,
    "top3": 71.9685,
    "DBA": 0.8075590551181104,
    "DBA_CI_lo": 0.785721784776903,
    "DBA_CI_hi": 0.8294015748031496
  },
  "distilled": {
    "top1": 35.9055,
    "top2": 64.0945,
    "top3": 74.3307,
    "DBA": 0.8284514435695535,
    "DBA_CI_lo": 0.807031496062992,
    "DBA_CI_hi": 0.8492467191601045
  },
  "v5b_3seed_clean": {
    "top1": 35.748,
    "top2": 62.5197,
    "top3": 72.5984,
    "DBA": 0.8117585301837269,
    "DBA_CI_lo": 0.7897112860892387,
    "DBA_CI_hi": 0.8342283464566927
  },
  "v5b_3seed_clean_v9": {
    "top1": 35.4331,
    "top2": 62.8346,
    "top3": 73.3858,
    "DBA": 0.821732283464567,
    "DBA_CI_lo": 0.8004173228346455,
    "DBA_CI_hi": 0.8432545931758528
  },
  "all_models": {
    "top1": 36.378,
    "top2": 63.3071,
    "top3": 73.0709,
    "DBA": 0.829291338582677,
    "DBA_CI_lo": 0.8089212598425196,
    "DBA_CI_hi": 0.8496587926509184
  },
  "distill_ens": {
    "top1": 38.1102,
    "top2": 63.1496,
    "top3": 74.0157,
    "DBA": 0.8352755905511807,
    "DBA_CI_lo": 0.8148005249343829,
    "DBA_CI_hi": 0.8550131233595796
  }
}