{
  "v5b_s42": {
    "top1": 37.6378,
    "top2": 62.5197,
    "top3": 70.5512,
    "DBA": 0.8057742782152229
  },
  "v5b_s123": {
    "top1": 36.6929,
    "top2": 58.2677,
    "top3": 71.4961,
    "DBA": 0.7987401574803149
  },
  "v5b_s7": {
    "top1": 36.063,
    "top2": 59.3701,
    "top3": 69.4488,
    "DBA": 0.8053543307086614
  },
  "v9": {
    "top1": 34.0157,
    "top2": 59.685,
    "top3": 71.3386,
    "DBA": 0.8066141732283464
  },
  "baseline": {
    "top1": 32.5984,
    "top2": 62.0472,
    "top3": 71.9685,
    "DBA": 0.8075590551181104
  },
  "v5b_3seed": {
    "top1": 37.7953,
    "top2": 60.9449,
    "top3": 73.2283,
    "DBA": 0.8289763779527557
  },
  "v5b_3seed_bl": {
    "top1": 38.1102,
    "top2": 61.5748,
    "top3": 72.7559,
    "DBA": 0.8288713910761153
  },
  "v5b_3seed_v9": {
    "top1": 38.7402,
    "top2": 60.7874,
    "top3": 74.0157,
    "DBA": 0.83254593175853
  },
  "all_5": {
    "top1": 38.5827,
    "top2": 61.2598,
    "top3": 72.7559,
    "DBA": 0.831076115485564
  },
  "best3": {
    "top1": 35.4331,
    "top2": 62.0472,
    "top3": 72.7559,
    "DBA": 0.8283464566929134
  }
}